c1,c2,c3,c4,c5,c6,t1,t2,t3,t4,t5,t6,t7,t8,t9,t10,t11,t12,t13,h1,h2,h3,h4,h5,h6,h7,h8,h9,h10,h11,h12,b1,b2,b3,b4,posture
25,52,43,41,53,55,0,29,37,47,43,30,31,0,0,37,40,46,53,34,30,0,21,32,22,23,29,36,38,30,12,99,94,93,91,1
25,52,43,41,53,55,0,29,37,47,43,30,30,0,0,37,40,46,53,34,31,0,20,32,22,23,29,37,39,30,13,99,95,93,92,1
25,52,43,41,53,56,0,29,37,47,43,30,31,0,0,36,40,46,53,34,31,0,20,32,22,24,30,38,39,30,13,99,95,93,92,1
25,52,43,41,53,56,0,29,37,48,43,30,30,0,0,36,39,46,53,34,31,0,20,32,22,24,30,38,39,30,13,99,95,93,92,1
25,52,43,41,53,55,0,29,37,47,43,30,30,0,0,36,39,46,53,34,31,0,20,31,22,23,30,38,39,30,13,99,95,93,92,1
25,52,43,41,53,55,0,29,37,47,42,30,30,0,0,35,39,46,53,34,32,0,20,32,22,24,30,39,39,30,13,99,95,93,92,1
26,52,43,41,53,56,0,29,37,47,43,30,30,0,0,36,39,46,53,33,31,0,20,32,22,24,30,39,39,30,13,99,95,93,92,1
25,52,43,41,53,56,0,29,37,47,42,30,30,0,0,36,39,46,53,34,31,0,20,32,22,24,30,39,39,30,13,99,95,93,92,1
26,52,43,40,53,55,0,30,37,47,43,30,30,0,0,36,39,46,53,34,31,0,20,31,22,24,31,39,39,30,13,99,95,93,92,1
25,52,43,41,54,56,0,30,38,48,43,30,31,0,0,36,39,46,53,34,31,0,20,31,22,24,31,40,40,30,13,99,95,93,92,1
26,53,43,41,54,56,0,30,38,47,43,30,30,0,0,35,39,46,53,34,31,0,20,32,22,24,30,39,39,30,13,99,95,94,93,1
26,52,43,41,54,56,0,30,37,47,42,30,30,0,0,36,39,46,53,34,31,0,20,32,22,24,30,40,39,30,13,99,95,93,93,1
25,52,43,41,54,56,0,29,37,49,42,30,30,0,0,36,40,46,53,35,31,0,20,32,22,24,30,40,39,30,13,99,95,93,92,1
25,52,43,41,54,56,0,29,36,47,42,30,30,0,0,36,40,46,53,34,31,0,20,32,22,24,31,40,40,30,13,99,95,93,92,1
25,51,43,41,55,56,0,29,37,47,42,30,30,0,0,36,40,46,53,35,31,0,20,32,22,24,30,41,40,30,13,99,95,93,92,1
25,52,43,41,54,56,0,30,37,47,42,30,30,0,0,36,39,46,53,35,31,0,20,32,22,24,31,41,40,31,13,99,95,93,92,1
25,52,43,41,55,56,0,30,37,47,42,30,31,0,0,35,40,46,53,35,31,0,20,32,22,24,31,41,40,30,13,99,94,93,93,1
25,52,43,41,55,56,0,30,37,47,42,30,30,0,0,35,39,46,53,35,32,0,21,32,22,24,31,41,40,30,13,99,94,93,93,1
25,52,43,42,54,56,0,29,37,47,42,30,31,0,0,35,39,46,53,35,32,0,20,32,22,24,31,41,40,30,13,99,95,93,93,1
25,52,43,41,54,56,0,30,38,47,42,30,30,0,0,35,40,46,53,35,32,0,20,32,22,24,31,41,40,30,13,99,95,93,93,1
82,128,100,106,82,34,0,0,0,2,0,0,2,0,0,0,0,0,0,0,0,0,0,0,0,0,0,0,0,0,0,0,0,0,0,2
82,128,100,107,82,34,0,0,0,3,0,0,2,0,0,0,0,0,0,0,0,0,0,0,0,0,0,0,0,0,0,0,0,0,0,2
82,130,100,108,83,34,0,0,0,2,0,0,2,0,0,0,0,0,0,0,0,0,0,0,0,0,0,0,0,0,0,0,0,0,0,2
83,130,100,106,83,33,0,0,0,3,0,0,2,0,0,0,0,0,0,0,0,0,0,0,0,0,0,0,0,0,0,0,0,0,0,2
83,130,100,106,82,30,0,0,0,3,0,0,2,0,0,0,0,0,0,0,0,0,0,0,0,0,0,0,0,0,0,0,0,0,0,2
83,130,100,105,81,30,0,0,0,3,0,0,2,0,0,0,0,0,0,0,0,0,0,0,0,0,0,0,0,0,0,0,0,0,0,2
83,131,101,106,82,29,0,0,0,3,0,0,2,0,0,0,0,0,0,0,0,0,0,0,0,0,0,0,0,0,0,0,0,0,0,2
83,131,100,106,82,30,0,0,0,3,0,0,2,0,0,0,0,0,0,0,0,0,0,0,0,0,0,0,0,0,0,0,0,0,0,2
83,130,100,106,82,30,0,0,0,3,0,0,2,0,0,0,0,0,0,0,0,0,0,0,0,0,0,0,0,0,0,0,0,0,0,2
83,130,100,106,82,30,0,0,0,3,0,0,2,0,0,0,0,0,0,0,0,0,0,0,0,0,0,0,0,0,0,0,0,0,0,2
83,130,100,107,83,30,0,0,0,3,0,0,3,0,0,0,0,0,0,0,0,0,0,0,0,0,0,0,0,0,0,0,0,0,0,2
83,130,100,106,82,30,0,0,0,3,0,0,2,0,0,0,0,0,0,0,0,0,0,0,0,0,0,0,0,0,0,0,0,0,0,2
83,130,100,106,82,30,0,0,0,2,0,0,2,0,0,0,0,0,0,0,0,0,0,0,0,0,0,0,0,0,0,0,0,0,0,2
83,130,100,105,82,30,0,0,0,3,0,0,2,0,0,0,0,0,0,0,0,0,0,0,0,0,0,0,0,0,0,0,0,0,0,2
84,131,101,106,82,29,0,0,0,3,0,0,2,0,0,0,0,0,0,0,0,0,0,0,0,0,0,0,0,0,0,0,0,0,0,2
83,130,100,106,82,30,0,0,0,1,0,0,2,0,0,0,0,0,0,0,0,0,0,0,0,0,0,0,0,0,0,0,0,0,0,2
80,128,99,107,84,33,0,0,0,1,0,0,2,0,0,0,0,0,0,0,0,0,0,0,0,0,0,0,0,0,0,0,0,0,0,2
80,128,99,108,83,34,0,0,0,2,0,0,2,0,0,0,0,0,0,0,0,0,0,0,0,0,0,0,0,0,0,0,0,0,0,2
81,130,100,104,82,30,0,0,0,2,0,0,2,0,0,0,0,0,0,0,0,0,0,0,0,0,0,0,0,0,0,0,0,0,0,2
82,130,99,103,81,30,0,0,0,2,0,0,3,0,0,0,0,0,0,0,0,0,0,0,0,0,0,0,0,0,0,0,0,0,0,2
63,122,80,90,75,36,0,1,0,12,0,0,0,3,0,0,0,0,0,0,0,0,0,0,0,0,0,0,0,0,0,99,97,0,0,3
63,121,80,89,75,36,0,1,0,12,0,0,0,3,0,0,0,0,0,0,0,0,0,0,0,0,0,0,0,0,0,99,97,0,0,3
63,122,80,89,75,36,0,1,0,12,0,0,0,3,0,0,0,0,0,0,0,0,0,0,0,0,0,0,0,0,0,99,97,0,0,3
63,122,80,90,75,36,0,1,0,12,0,0,0,3,0,0,0,0,0,0,0,0,0,0,0,0,0,0,0,0,0,99,97,0,0,3
64,122,79,90,75,36,0,0,0,11,0,0,0,3,0,0,0,0,0,0,0,0,0,0,0,0,0,0,0,0,0,99,97,0,0,3
63,120,78,86,72,34,0,1,0,10,0,0,0,3,0,0,0,0,0,0,0,0,0,0,0,0,0,0,0,0,0,99,97,0,0,3
63,117,75,83,71,33,0,0,0,8,0,0,0,5,0,3,0,0,0,0,0,0,0,0,0,0,0,0,0,0,0,99,97,0,0,3
61,113,74,83,73,35,0,0,0,9,0,0,0,5,0,4,0,0,0,0,0,0,0,0,0,0,0,0,0,0,0,99,97,0,0,3
61,113,74,83,74,36,0,0,0,8,0,0,0,4,0,3,0,0,0,0,0,0,0,0,0,0,0,0,0,0,0,99,97,0,0,3
62,116,73,82,72,34,0,0,0,9,0,0,0,4,0,2,0,0,0,0,0,0,0,0,0,0,0,0,0,0,0,99,97,0,0,3
63,117,73,82,70,33,0,0,0,9,0,0,0,4,0,1,0,0,0,0,0,0,0,0,0,0,0,0,0,0,0,99,97,0,0,3
63,117,73,83,72,34,0,0,0,9,0,0,0,5,0,1,0,0,0,0,0,0,0,0,0,0,0,0,0,0,0,99,97,0,0,3
63,116,73,84,73,35,0,0,0,10,0,0,0,4,0,2,0,0,0,0,0,0,0,0,0,0,0,0,0,0,0,99,97,0,0,3
63,116,73,83,73,35,0,0,0,10,0,0,0,5,0,2,0,0,0,0,0,0,0,0,0,0,0,0,0,0,0,99,97,0,0,3
63,116,73,83,72,34,0,0,0,10,0,0,0,5,0,2,0,0,0,0,0,0,0,0,0,0,0,0,0,0,0,99,97,0,0,3
63,117,73,83,73,34,0,0,0,10,0,0,0,5,0,2,0,0,0,0,0,0,0,0,0,0,0,0,0,0,0,99,97,0,0,3
63,116,73,84,73,34,0,0,0,10,0,0,0,5,0,3,0,0,0,0,0,0,0,0,0,0,0,0,0,0,0,99,97,0,0,3
63,116,73,83,73,34,0,0,0,10,0,0,0,4,0,1,0,0,0,0,0,0,0,0,0,0,0,0,0,0,0,99,97,0,0,3
63,116,73,83,72,33,0,0,0,10,0,0,0,5,0,2,0,0,0,0,0,0,0,0,0,0,0,0,0,0,0,99,97,0,0,3
63,116,73,84,72,33,0,0,0,10,0,0,0,5,0,2,0,0,0,0,0,0,0,0,0,0,0,0,0,0,0,99,97,0,0,3
58,82,66,1,0,0,4,40,47,52,46,30,0,2,34,43,45,45,35,10,0,0,20,36,29,39,43,28,24,3,0,99,97,97,82,4
56,82,65,1,0,0,4,38,47,52,46,30,0,2,34,43,46,45,36,10,0,0,20,36,29,39,43,28,25,4,0,99,97,97,83,4
56,81,65,0,0,0,4,39,47,51,46,30,0,2,34,43,45,44,36,10,0,0,20,37,30,39,42,27,24,4,0,99,97,97,84,4
57,82,65,1,0,0,4,39,47,52,47,30,0,2,34,43,45,45,36,10,0,0,20,36,30,39,42,27,24,4,0,99,97,97,85,4
58,83,66,2,0,0,5,40,48,52,46,30,0,2,34,43,45,44,36,10,0,0,20,36,30,39,42,28,24,4,0,99,97,97,84,4
58,83,66,2,0,0,4,39,47,52,45,30,0,2,33,43,45,45,36,11,0,0,20,36,30,39,42,28,24,4,0,99,97,97,84,4
58,83,66,3,0,0,5,39,47,52,45,30,0,1,33,43,45,45,36,10,0,0,20,36,29,39,42,27,24,4,0,99,97,97,83,4
58,83,66,3,0,0,4,38,47,52,45,29,0,1,33,43,45,45,36,11,0,0,20,36,29,40,42,28,24,4,0,99,97,97,83,4
58,83,66,2,0,0,4,39,47,51,45,29,0,1,33,43,45,45,36,10,0,0,20,36,30,39,42,27,24,4,0,99,97,97,83,4
58,83,66,1,0,0,4,40,48,51,45,29,0,0,33,43,45,44,36,10,0,0,20,36,30,39,42,27,23,3,0,99,97,97,82,4
59,83,66,1,0,0,4,40,48,52,45,29,0,0,33,43,44,45,36,10,0,0,20,36,29,39,42,27,24,4,0,99,97,97,83,4
57,82,65,1,0,0,5,39,48,51,44,29,0,0,33,43,45,45,36,11,0,0,20,36,29,39,42,27,24,4,0,99,97,96,83,4
55,81,63,0,0,0,5,39,47,51,45,29,0,1,33,43,45,45,36,10,0,0,20,36,29,39,43,27,24,5,0,99,97,96,83,4
55,79,63,1,0,0,4,38,46,50,44,29,0,3,35,43,46,46,38,15,0,0,20,36,29,39,44,31,26,5,0,99,97,96,83,4
53,78,62,1,0,0,2,36,46,50,44,28,0,3,36,45,47,48,40,16,0,0,20,36,29,38,44,31,26,5,0,99,97,97,85,4
51,77,61,2,0,0,0,34,45,50,43,28,0,4,36,45,47,49,40,17,0,0,20,35,29,39,46,34,28,7,0,99,97,96,83,4
50,77,60,0,0,0,0,34,46,49,43,28,0,5,36,46,47,49,40,17,0,0,20,36,30,39,46,34,28,8,0,99,97,97,87,4
50,76,60,2,0,0,0,35,45,49,43,28,0,7,37,46,48,50,40,19,0,0,20,35,29,39,45,33,29,10,0,99,97,97,84,4
49,76,60,2,0,0,0,33,44,49,44,28,0,6,37,46,48,50,41,19,0,0,20,35,29,40,46,33,29,9,0,99,97,96,82,4
49,77,61,3,0,0,0,33,44,49,43,29,0,6,36,45,47,49,41,19,0,0,20,35,29,39,46,33,28,8,0,99,97,97,80,4
0,0,0,54,50,10,31,49,60,62,59,31,0,0,46,48,46,37,29,18,0,0,6,24,7,31,14,9,9,0,0,99,96,94,0,5
0,0,0,54,50,10,32,50,61,62,59,30,0,0,46,48,46,38,30,18,0,0,7,24,7,32,14,9,9,0,0,99,96,94,0,5
0,0,0,54,50,12,32,50,61,62,59,31,0,0,46,48,46,38,30,18,0,0,7,24,7,32,15,10,9,0,0,99,96,94,0,5
0,0,0,54,50,11,32,50,60,62,59,31,0,0,46,48,46,38,30,18,0,0,7,24,7,32,14,10,8,0,0,99,96,94,0,5
0,0,0,54,50,11,32,50,60,62,59,31,0,0,46,48,46,38,30,18,0,0,8,24,7,32,14,9,9,0,0,99,96,94,0,5
0,0,0,54,50,12,32,50,60,62,59,31,0,0,46,48,46,39,30,19,0,0,7,24,7,32,14,10,10,0,0,99,96,94,0,5
0,0,0,55,51,12,32,50,61,62,59,31,0,0,47,49,46,39,30,19,0,0,7,25,7,32,14,10,10,0,0,99,96,93,0,5
0,0,0,54,50,12,32,50,61,62,59,31,0,0,47,49,46,38,30,19,0,0,7,25,7,32,15,9,10,0,0,99,96,94,0,5
0,0,0,54,50,12,32,50,61,62,59,31,0,0,47,49,46,39,30,18,0,0,7,25,7,32,15,9,10,0,0,99,96,94,0,5
0,0,0,55,51,13,32,51,61,62,59,31,0,0,47,49,46,39,30,19,0,0,7,25,8,32,14,9,10,0,0,99,96,94,0,5
0,0,0,55,51,13,33,51,61,63,59,31,0,0,47,49,46,38,30,18,0,0,7,26,7,32,14,9,10,0,0,99,96,94,0,5
0,0,0,54,50,13,33,51,61,62,58,30,0,0,46,49,46,39,30,18,0,0,8,25,7,32,15,9,10,0,0,99,96,94,0,5
0,0,0,54,50,13,32,50,60,62,59,31,0,0,47,49,46,39,30,19,0,0,8,25,7,32,14,9,8,0,0,99,96,94,0,5
0,0,0,55,50,13,33,51,61,63,58,29,0,0,46,48,45,37,29,17,0,0,8,25,7,30,13,8,7,0,0,99,96,94,0,5
0,0,0,55,50,8,33,53,62,62,57,26,0,0,46,48,45,37,30,17,0,0,8,24,5,28,13,9,7,0,0,99,96,94,0,5
0,0,0,56,53,12,32,49,60,60,55,24,0,0,47,51,47,40,29,19,0,0,3,18,3,23,12,10,7,0,0,98,96,88,0,5
0,0,0,59,59,18,26,42,54,56,49,23,0,0,49,54,49,42,30,21,0,0,0,15,1,18,14,10,7,0,0,95,96,0,0,5
0,0,0,61,59,16,23,40,53,55,47,18,0,0,50,53,48,40,30,21,0,0,0,15,2,18,14,9,8,0,0,44,95,0,0,5
0,0,0,59,53,13,27,43,55,56,49,17,0,0,49,51,46,38,27,20,0,0,0,16,3,20,13,9,7,0,0,0,95,18,0,5
0,0,0,58,51,7,30,46,57,58,50,19,0,0,50,50,44,36,26,18,0,0,3,19,3,22,14,8,7,0,0,79,95,40,0,5
48,80,51,31,42,24,0,30,37,44,45,35,26,12,21,23,24,24,23,16,0,0,0,0,0,0,0,0,0,0,0,0,0,0,0,6
48,80,51,31,43,26,0,30,37,45,44,35,26,11,21,23,24,24,23,17,0,0,0,0,0,0,0,0,0,0,0,0,0,0,0,6
48,80,51,31,43,24,0,31,37,45,44,35,26,12,21,23,24,24,23,17,0,0,0,0,0,0,0,0,0,0,0,0,0,0,0,6
48,80,52,31,42,24,0,30,37,45,44,36,26,13,21,23,24,24,23,16,0,0,0,0,0,0,0,0,0,0,0,0,0,0,0,6
48,80,51,31,43,24,0,31,37,45,44,35,26,12,21,23,24,24,23,16,0,0,0,0,0,0,0,0,0,0,0,0,0,0,0,6
48,80,52,31,43,25,0,31,37,45,44,36,26,11,21,23,24,24,23,16,0,0,0,0,0,0,0,0,0,0,0,0,0,0,0,6
49,80,52,31,43,24,0,31,37,45,44,35,26,12,21,23,24,24,23,16,0,0,0,0,0,0,0,0,0,0,0,0,0,0,0,6
49,80,51,31,43,24,0,31,37,45,44,35,26,11,20,23,24,23,22,14,0,0,0,0,0,0,0,0,0,0,0,0,0,0,0,6
50,80,51,31,43,24,0,31,38,45,44,36,26,11,20,23,24,23,22,13,0,0,0,0,0,0,0,0,0,0,0,0,0,0,0,6
50,80,52,31,43,24,0,31,37,46,44,36,25,11,20,23,23,23,22,13,0,0,0,0,0,0,0,0,0,0,0,0,0,0,0,6
50,80,53,31,42,24,0,31,37,46,44,36,26,11,20,23,23,23,22,13,0,0,0,0,0,0,0,0,0,0,0,0,0,0,0,6
49,80,53,31,42,24,2,31,38,46,44,35,25,11,20,23,23,23,22,13,0,0,0,0,0,0,0,0,0,0,0,0,0,0,0,6
50,81,53,31,42,24,1,31,37,46,44,35,25,10,20,23,23,22,21,13,0,0,0,0,0,0,0,0,0,0,0,0,0,0,0,6
50,81,52,31,42,24,3,31,38,46,45,36,24,11,21,23,24,23,20,15,0,0,0,0,0,0,0,0,0,0,0,0,0,0,0,6
47,79,50,30,40,23,3,30,38,46,44,35,24,9,21,24,25,23,21,17,0,0,0,0,0,0,0,0,0,0,0,0,0,0,0,6
45,76,49,31,42,24,0,29,35,42,43,31,20,5,20,24,25,24,22,19,0,0,0,0,0,0,0,0,0,0,0,0,0,0,0,6
45,76,49,31,42,24,0,29,34,42,43,32,22,7,20,24,26,25,24,18,0,0,0,0,0,0,0,0,0,0,0,0,0,0,0,6
46,77,50,31,42,24,0,29,36,43,44,33,23,10,22,25,26,26,25,20,0,0,0,0,0,0,0,0,0,0,0,0,0,0,0,6
46,77,50,31,43,25,0,30,36,43,44,34,23,10,22,24,26,26,25,20,0,0,0,0,0,0,0,0,0,0,0,0,0,0,0,6
46,76,49,31,43,25,0,30,36,43,44,34,24,10,22,24,26,26,25,20,0,0,0,0,0,0,0,0,0,0,0,0,0,0,0,6
61,66,33,19,45,48,16,40,46,54,57,48,46,0,11,41,52,60,61,51,44,0,16,38,40,31,46,53,39,28,22,98,96,94,94,1
61,66,35,19,45,49,15,40,46,53,57,48,45,0,11,41,52,60,60,51,44,0,16,38,40,31,46,53,39,28,22,98,96,94,94,1
61,66,33,18,45,49,16,40,46,54,58,48,46,0,11,41,52,60,60,51,44,0,16,38,40,32,46,53,39,28,22,98,96,95,94,1
61,66,34,19,46,49,16,40,46,54,58,48,46,0,11,41,52,60,61,52,44,0,16,38,40,32,47,54,40,28,21,98,96,95,94,1
61,66,35,19,46,49,16,40,46,54,58,48,46,0,11,41,52,60,61,52,44,0,16,39,40,32,47,53,40,28,22,98,96,95,94,1
61,66,33,19,46,49,16,40,46,54,58,48,46,0,11,43,52,60,61,52,44,0,16,38,40,32,47,53,40,28,22,98,96,95,94,1
60,66,33,19,46,49,16,40,46,54,58,48,46,0,11,41,52,60,61,52,44,0,16,38,40,32,47,54,40,29,22,98,96,95,94,1
61,66,33,19,46,49,16,40,46,54,58,48,46,0,11,42,52,60,61,52,44,0,16,39,41,32,47,53,40,29,22,98,96,95,94,1
61,66,33,19,45,48,16,40,46,54,58,48,46,0,11,41,52,60,61,51,44,0,16,39,40,32,47,54,39,28,22,98,96,95,94,1
61,66,33,19,45,49,16,40,46,54,58,48,46,0,12,41,52,60,61,52,44,0,16,38,40,31,47,54,40,28,22,98,96,95,94,1
61,66,33,19,46,49,17,40,46,54,58,48,46,0,11,41,52,60,61,52,44,0,16,38,40,32,47,54,40,29,22,98,96,95,94,1
61,66,33,19,45,49,17,40,46,54,58,48,46,0,12,41,52,60,61,52,45,0,16,38,40,31,47,54,40,28,22,98,96,95,94,1
61,66,32,19,45,49,17,40,46,54,58,48,46,0,12,41,52,60,61,52,44,0,16,38,40,31,47,54,40,29,22,98,96,94,94,1
61,66,32,19,45,49,17,40,46,54,58,48,46,0,11,41,52,60,61,52,45,0,16,39,40,31,47,54,40,29,22,98,97,95,94,1
61,66,32,19,46,49,17,40,46,54,58,48,46,0,11,42,52,60,61,52,45,0,16,38,40,31,47,54,40,29,22,98,96,94,94,1
61,66,32,19,46,49,16,40,46,54,58,48,46,0,12,41,52,60,61,52,44,0,16,38,40,31,47,53,40,28,22,98,96,94,94,1
61,66,32,19,45,48,16,40,46,54,58,48,46,0,12,42,52,60,61,51,44,0,16,38,40,32,47,53,40,29,22,98,96,94,94,1
61,66,32,19,45,49,17,40,46,54,58,48,46,0,11,42,52,60,61,52,44,0,16,39,40,31,47,53,40,28,21,98,96,94,94,1
61,66,32,19,45,49,17,40,46,54,58,48,46,0,12,41,52,60,61,52,44,0,16,39,40,32,47,53,40,29,22,98,96,94,94,1
61,66,32,19,44,48,16,40,46,54,58,48,45,0,12,41,51,60,60,51,45,0,16,38,40,32,47,53,40,28,22,98,96,94,94,1
73,113,103,56,76,56,0,7,22,53,62,56,65,51,42,43,51,46,35,18,5,0,0,0,0,0,0,0,0,0,0,0,0,0,0,2
73,114,105,54,75,55,0,4,20,53,62,56,67,53,43,44,52,46,33,19,5,0,0,0,0,0,0,0,0,0,0,0,0,0,0,2
72,114,105,55,73,55,0,3,19,54,63,60,69,54,43,46,53,50,35,20,5,0,0,0,0,0,0,0,0,0,0,0,0,0,0,2
71,113,105,57,76,57,0,1,13,50,59,57,68,52,42,44,52,51,38,21,6,0,0,0,0,0,0,0,0,0,0,0,0,0,0,2
70,112,104,60,82,62,0,0,7,43,53,52,63,49,41,43,53,53,40,23,6,0,0,0,0,0,0,0,0,0,0,0,0,0,0,2
68,109,100,63,84,65,0,0,2,34,48,46,57,46,40,41,52,53,40,23,6,0,0,0,0,0,0,0,0,0,0,0,0,0,0,2
66,107,100,64,86,67,0,0,0,32,46,46,57,46,40,42,52,53,41,24,6,0,0,0,0,0,0,0,0,0,0,0,0,0,0,2
65,106,99,63,88,69,0,0,0,33,48,48,59,48,41,43,53,58,44,24,6,0,0,0,0,0,0,0,0,0,0,0,0,0,0,2
63,105,97,63,90,74,0,0,2,36,52,53,60,49,41,44,53,62,50,28,10,0,0,0,0,0,0,0,0,0,0,0,0,0,0,2
63,105,95,62,88,73,0,0,5,40,55,54,61,48,41,43,54,62,50,30,14,0,0,0,0,0,0,0,0,0,0,0,0,0,0,2
66,108,96,63,88,73,0,0,6,40,52,49,58,47,40,43,54,60,47,30,12,0,0,0,0,0,0,0,0,0,0,0,0,0,0,2
68,109,96,64,89,72,0,0,6,40,52,49,57,46,41,43,52,56,46,28,11,0,0,0,0,0,0,0,0,0,0,0,0,0,0,2
69,109,96,64,88,70,0,0,7,40,53,50,57,47,41,43,53,56,45,27,10,0,0,0,0,0,0,0,0,0,0,0,0,0,0,2
70,109,96,63,87,68,0,0,10,42,53,50,57,47,41,44,53,56,45,26,10,0,0,0,0,0,0,0,0,0,0,0,0,0,0,2
70,106,94,63,86,66,0,1,13,42,53,49,57,46,42,46,56,57,45,25,10,0,0,0,0,0,0,0,0,0,0,0,0,0,0,2
70,106,92,63,87,66,0,3,15,44,53,50,59,47,43,47,57,60,46,26,12,0,0,0,0,0,0,0,0,0,0,0,0,0,0,2
66,105,92,65,88,70,0,4,14,47,58,56,66,53,45,50,60,63,49,28,12,0,0,0,0,0,0,0,0,0,0,0,0,0,0,2
63,102,90,64,87,67,0,6,14,49,61,63,67,54,45,49,60,65,52,30,15,0,0,0,0,0,0,0,0,0,0,0,0,0,0,2
65,103,92,63,86,66,0,7,16,51,62,59,64,51,43,46,56,59,49,29,13,0,0,0,0,0,0,0,0,0,0,0,0,0,0,2
70,110,98,66,88,69,0,2,13,44,54,48,54,43,39,39,46,45,41,23,6,0,0,0,0,0,0,0,0,0,0,0,0,0,0,2
57,66,54,49,69,59,0,7,19,37,49,53,66,66,42,60,56,54,37,24,11,0,0,0,0,0,0,0,0,0,0,98,94,0,0,3
57,66,53,49,69,59,0,7,18,36,48,52,66,66,42,60,55,54,37,24,11,0,0,0,0,0,0,0,0,0,0,98,94,0,0,3
57,66,53,49,68,59,0,6,18,36,47,52,66,66,42,60,56,54,37,24,11,0,0,0,0,0,0,0,0,0,0,98,94,0,0,3
57,65,53,48,69,59,0,6,17,36,48,52,66,66,41,60,56,54,37,24,11,0,0,0,0,0,0,0,0,0,0,98,94,0,0,3
56,64,52,47,68,58,0,6,16,35,46,51,66,66,42,60,56,54,37,24,11,0,0,0,0,0,0,0,0,0,0,98,94,0,0,3
56,63,50,46,66,58,0,4,16,34,45,51,67,66,42,61,56,54,38,23,12,0,0,0,0,0,0,0,0,0,0,98,94,0,0,3
56,63,50,46,67,58,0,4,16,34,46,50,67,67,41,61,56,54,37,24,12,0,0,0,0,0,0,0,0,0,0,98,94,0,0,3
56,63,51,45,66,58,0,5,16,34,46,50,66,66,42,61,56,54,37,23,12,0,0,0,0,0,0,0,0,0,0,98,94,0,0,3
56,63,50,45,66,57,0,5,16,34,45,50,66,66,41,60,55,53,36,23,12,0,0,0,0,0,0,0,0,0,0,98,94,0,0,3
56,62,49,44,65,56,0,5,16,34,45,50,66,66,41,60,55,53,36,23,11,0,0,0,0,0,0,0,0,0,0,98,94,0,0,3
56,62,49,43,64,55,0,5,16,34,46,50,66,66,42,61,56,53,37,23,11,0,0,0,0,0,0,0,0,0,0,98,94,0,0,3
55,61,49,43,63,56,0,5,16,34,46,50,66,66,42,61,56,53,37,23,12,0,0,0,0,0,0,0,0,0,0,98,94,0,0,3
55,61,49,43,63,56,0,5,16,34,46,50,66,66,41,61,56,53,37,23,12,0,0,0,0,0,0,0,0,0,0,98,94,0,0,3
55,61,49,43,64,56,0,6,16,34,46,50,66,66,41,60,56,53,36,23,12,0,0,0,0,0,0,0,0,0,0,98,94,0,0,3
54,61,48,43,64,56,0,6,16,34,46,51,66,66,42,61,56,54,37,23,12,0,0,0,0,0,0,0,0,0,0,98,95,0,0,3
54,61,48,43,64,56,0,5,16,34,46,51,66,66,42,61,56,54,36,23,12,0,0,0,0,0,0,0,0,0,0,98,95,0,0,3
54,61,48,43,64,56,0,5,16,34,46,51,66,66,42,61,56,54,37,23,11,0,0,0,0,0,0,0,0,0,0,98,95,0,0,3
55,62,48,43,63,56,0,5,17,34,46,52,66,66,42,61,56,54,37,23,11,0,0,0,0,0,0,0,0,0,0,98,95,0,0,3
55,62,50,43,63,56,0,6,17,35,47,52,67,66,42,61,56,54,37,24,11,0,0,0,0,0,0,0,0,0,0,98,95,0,0,3
55,63,50,43,63,55,0,6,17,35,47,52,67,66,42,61,56,54,37,23,12,0,0,0,0,0,0,0,0,0,0,98,95,0,0,3
78,91,37,0,0,0,18,33,40,48,44,33,34,0,12,34,46,48,52,23,9,0,24,43,36,42,58,62,60,36,15,99,97,96,96,4
78,91,37,0,0,0,18,32,40,47,44,33,33,0,13,34,46,48,52,24,10,0,24,44,36,42,58,62,60,36,15,99,97,96,96,4
78,91,37,0,0,0,18,33,40,47,44,33,33,0,12,34,46,48,52,23,10,0,23,44,36,42,58,62,60,36,15,99,97,96,96,4
79,91,36,0,0,0,17,32,40,48,44,33,34,0,12,34,46,48,52,24,10,0,24,44,36,42,58,62,60,35,14,99,97,96,96,4
79,91,34,0,0,0,16,33,40,47,43,33,33,0,12,34,46,48,51,23,10,0,23,44,36,41,57,61,59,35,14,99,97,96,96,4
79,91,34,0,0,0,16,33,40,47,44,33,33,0,12,34,45,47,50,24,11,0,23,43,36,41,57,61,59,35,14,99,97,96,96,4
81,92,36,0,0,0,16,33,39,46,43,32,32,0,12,34,45,48,50,26,11,0,23,43,34,40,57,61,59,35,14,99,97,96,96,4
81,93,37,0,0,0,14,32,40,46,43,32,32,0,12,35,46,48,51,27,11,0,23,42,34,40,57,61,59,35,14,99,97,96,96,4
81,92,37,0,0,0,14,32,40,46,43,32,32,0,12,34,46,48,51,27,11,0,23,42,34,41,57,61,59,35,15,99,97,96,96,4
81,93,36,0,0,0,13,32,40,46,43,32,32,0,12,34,46,48,51,27,11,0,23,42,34,40,57,61,60,36,15,99,97,96,96,4
82,93,38,0,0,0,14,32,40,46,43,32,32,0,12,34,46,49,52,27,11,0,23,43,34,40,57,61,60,35,15,99,97,96,96,4
81,93,38,0,0,0,15,32,40,46,44,33,33,0,12,34,46,49,52,27,12,0,23,42,34,40,57,61,59,36,16,99,97,96,96,4
81,93,38,0,0,0,15,32,40,46,44,32,33,0,12,34,46,49,52,27,12,0,23,42,34,41,57,61,59,35,15,99,97,96,96,4
80,93,37,0,0,0,15,33,40,46,44,33,33,0,13,35,46,49,52,27,11,0,23,43,35,41,58,61,60,36,16,99,97,96,96,4
81,93,37,0,0,0,15,33,40,46,44,33,33,0,13,34,46,49,53,27,12,0,23,43,35,41,58,62,60,36,16,99,97,96,96,4
81,93,37,0,0,0,15,33,40,47,43,33,33,0,13,34,47,49,52,27,12,0,23,42,35,41,58,61,60,36,16,99,97,96,96,4
81,93,37,0,0,0,15,33,40,46,43,33,33,0,13,34,46,49,52,27,12,0,23,43,35,41,58,62,60,36,16,99,97,96,96,4
81,93,37,0,0,0,15,33,40,47,44,33,33,0,13,35,46,49,53,27,11,0,23,43,35,41,58,62,60,36,16,99,97,96,96,4
81,93,38,0,0,0,15,33,41,47,44,33,33,0,13,35,46,49,52,27,12,0,23,42,35,41,58,61,60,36,16,99,97,96,96,4
81,93,38,0,0,0,16,33,40,47,44,33,33,0,13,35,46,49,53,27,11,0,23,43,35,41,58,61,60,36,16,99,97,96,96,4
0,0,0,58,73,59,4,35,46,53,51,40,40,0,10,34,46,52,55,51,41,6,44,66,56,51,41,48,41,35,23,99,97,97,94,5
0,0,0,58,73,59,5,35,46,53,51,40,40,1,10,34,46,52,55,52,40,7,44,67,57,51,41,48,41,35,23,99,97,97,94,5
0,0,0,58,74,59,5,35,46,53,51,40,40,1,10,34,46,52,55,51,40,7,44,67,57,51,41,48,41,35,24,99,97,97,94,5
0,0,0,58,73,59,5,35,46,53,51,40,40,1,10,34,46,52,55,52,40,7,44,67,56,51,41,48,41,34,23,99,97,97,94,5
0,0,0,59,74,59,5,35,46,53,51,40,40,0,10,34,46,52,55,51,40,7,44,67,56,51,41,48,41,35,23,99,97,97,94,5
0,0,0,58,74,59,5,35,46,53,52,40,40,1,10,34,46,52,55,51,40,7,44,67,57,51,42,48,41,35,24,99,97,97,94,5
0,0,0,58,74,59,5,35,46,53,52,41,40,1,10,34,46,52,55,51,40,7,44,67,56,51,41,48,41,35,23,99,97,97,94,5
0,0,0,58,73,59,5,35,46,53,52,41,40,1,10,34,46,52,55,51,40,7,43,67,57,51,41,48,41,35,24,99,97,97,94,5
0,0,0,58,74,59,5,35,46,53,52,40,40,0,10,35,46,53,56,51,40,8,43,67,56,51,42,48,41,35,23,99,97,97,94,5
0,0,0,58,74,60,5,35,46,54,52,41,40,0,10,34,46,52,55,51,40,7,44,67,56,51,42,48,41,35,24,99,97,97,94,5
0,0,0,58,74,59,5,36,46,53,52,40,40,0,10,34,46,52,55,51,40,8,43,67,56,51,42,48,41,35,23,99,97,97,94,5
0,0,0,58,74,59,5,35,46,53,52,40,40,0,10,34,46,52,55,51,41,7,43,67,56,52,42,48,41,34,23,99,97,97,94,5
0,0,0,58,74,59,5,35,46,54,52,41,40,0,10,34,46,52,55,52,41,7,44,67,57,52,42,48,41,35,23,99,97,97,94,5
0,0,0,59,74,60,5,35,46,54,52,41,40,0,10,35,46,52,55,51,41,7,43,67,57,51,42,48,41,35,24,99,97,97,94,5
0,0,0,58,74,59,5,35,46,53,52,41,40,0,10,35,46,52,55,51,40,7,43,67,56,51,42,49,41,35,23,99,97,97,94,5
0,0,0,58,74,59,5,35,46,53,52,40,40,0,10,34,46,54,55,52,40,7,43,67,57,51,42,48,41,35,23,99,97,97,94,5
0,0,0,58,74,59,5,35,46,54,52,41,40,0,10,35,46,53,56,52,40,7,44,67,56,51,42,49,41,35,24,99,97,97,94,5
0,0,0,58,74,59,5,36,46,54,52,41,40,0,10,34,46,53,56,51,40,7,43,67,56,51,42,49,41,34,23,99,97,97,94,5
0,0,0,58,74,58,5,36,46,54,52,40,40,0,10,34,46,52,56,52,40,7,43,67,56,51,42,48,41,35,23,99,97,97,94,5
0,0,0,58,73,59,5,36,46,54,52,41,40,0,10,35,46,52,56,52,40,7,44,67,57,52,42,48,41,35,24,99,97,97,94,5
50,35,0,37,49,42,37,48,51,55,52,41,33,29,28,46,55,62,63,60,46,3,26,47,37,38,45,51,55,45,29,0,0,34,41,6
50,35,0,36,49,42,37,48,50,54,51,40,32,27,27,46,55,62,63,60,46,4,26,48,37,39,45,51,55,46,29,0,0,21,38,6
50,35,0,34,48,42,37,47,50,55,51,40,33,27,28,45,54,62,63,60,46,4,27,48,38,41,46,52,56,46,29,0,0,0,21,6
51,35,0,34,49,42,38,48,51,55,51,41,33,27,28,46,55,62,63,60,45,5,27,49,39,42,46,52,55,46,29,0,0,0,14,6
51,35,0,34,48,42,38,48,51,55,51,40,33,27,28,46,54,63,63,60,45,6,27,49,39,41,46,51,55,46,29,0,0,0,30,6
50,35,0,35,49,42,38,48,51,55,52,41,33,27,28,46,55,62,63,60,45,6,28,49,39,42,45,51,55,45,29,0,0,27,41,6
51,36,0,35,49,42,38,49,52,56,52,42,34,29,28,46,54,61,63,60,44,7,29,50,40,43,45,51,54,45,28,0,0,0,0,6
50,36,0,35,49,42,38,49,53,56,53,42,35,30,28,46,54,61,63,60,44,7,29,50,41,43,44,51,54,45,28,0,0,0,0,6
51,36,0,35,49,42,38,50,53,55,53,42,34,30,29,46,54,61,63,60,45,8,29,49,40,43,44,50,54,45,29,0,0,0,0,6
50,36,0,35,49,42,38,50,53,56,53,42,35,30,29,46,55,62,63,60,45,7,29,50,40,43,43,51,55,45,28,0,0,8,0,6
51,36,0,36,50,42,38,49,53,56,53,42,35,30,29,46,55,62,63,60,45,7,29,50,40,42,43,50,55,45,28,0,0,16,0,6
51,36,0,36,50,43,38,50,53,56,53,42,35,30,29,47,55,62,63,60,46,6,29,50,40,42,44,51,55,45,29,0,0,25,0,6
51,36,0,37,50,43,38,50,53,55,53,43,35,30,29,46,55,62,63,60,46,6,29,50,40,42,44,50,55,45,28,0,0,30,0,6
51,36,0,37,50,43,38,50,53,56,53,43,35,31,29,47,56,63,63,60,45,7,29,50,40,43,44,51,56,46,29,0,0,16,0,6
52,37,0,37,50,42,37,50,53,56,53,43,35,31,29,47,56,63,63,61,45,6,29,50,40,42,44,51,55,45,28,0,0,31,0,6
51,37,0,37,50,43,38,50,53,56,53,43,35,30,29,47,56,63,63,60,46,6,29,50,40,42,44,51,55,45,29,0,0,26,0,6
52,37,0,37,50,43,38,50,53,56,53,43,35,30,29,47,55,63,63,60,46,6,28,49,39,42,44,51,55,46,29,0,0,18,0,6
52,37,0,37,50,43,38,50,53,56,53,43,35,30,30,47,56,63,63,61,46,5,28,50,39,43,44,51,56,46,29,0,0,26,0,6
52,37,0,37,50,43,38,50,53,56,53,43,35,29,30,47,56,63,64,61,46,5,27,49,39,43,45,51,56,46,29,0,0,33,0,6
51,37,0,36,50,43,37,49,53,55,53,42,34,29,29,47,56,63,63,61,46,5,28,49,40,42,45,52,56,46,29,0,0,37,0,6
28,50,38,34,37,14,0,33,39,41,36,25,15,0,15,23,33,36,37,36,0,6,26,42,23,33,32,34,32,23,13,99,98,97,95,1
28,50,38,34,38,14,0,34,39,41,36,25,15,0,15,23,33,37,37,36,0,6,26,42,23,33,32,34,32,23,13,99,97,97,96,1
28,50,38,34,37,14,0,33,38,41,36,25,15,0,16,23,33,36,37,36,0,6,26,42,23,32,32,34,32,23,13,99,97,97,95,1
28,50,38,34,38,14,0,34,38,41,36,26,15,0,15,23,32,36,37,36,0,6,26,42,23,33,32,34,33,23,13,99,98,97,96,1
28,50,38,34,37,14,0,34,38,41,37,26,15,0,15,23,33,36,37,36,0,6,26,42,23,33,32,34,32,23,13,99,97,97,96,1
28,50,39,34,37,14,0,34,39,41,37,26,15,0,15,23,33,36,37,36,0,6,26,42,23,32,32,34,32,23,13,99,97,97,95,1
28,50,39,34,37,14,0,34,39,41,36,25,15,0,15,23,33,36,37,36,0,6,26,42,23,32,32,34,32,23,13,99,98,97,95,1
28,50,38,34,37,14,0,34,38,41,37,25,15,0,16,23,33,36,37,36,0,6,26,42,23,32,32,34,32,24,13,99,97,97,96,1
28,50,39,34,37,14,0,34,38,41,37,26,16,0,16,23,33,36,37,36,0,6,26,42,23,32,32,34,32,23,13,99,98,97,95,1
28,50,38,34,37,14,0,34,39,42,37,26,15,0,16,23,32,37,37,36,0,6,26,42,23,32,33,34,33,23,13,99,98,97,96,1
28,50,38,34,37,14,0,34,38,41,37,25,15,0,15,23,32,36,37,36,0,6,26,42,23,33,32,34,33,24,13,99,98,97,96,1
28,50,39,34,37,14,0,34,39,42,37,26,15,0,16,23,33,36,37,36,0,6,26,42,23,32,32,34,33,23,13,99,98,97,96,1
28,50,39,34,37,15,0,34,39,41,37,26,15,0,16,23,33,36,37,36,0,6,26,42,23,33,32,34,32,23,13,99,98,97,96,1
27,50,38,34,37,14,0,33,39,41,37,26,15,0,15,23,33,36,37,36,0,6,26,42,23,32,32,34,33,24,13,99,98,97,96,1
28,50,38,34,37,15,0,34,38,42,37,26,15,0,15,23,33,36,37,36,0,6,26,42,23,33,32,34,33,24,13,99,98,97,96,1
28,50,39,34,37,14,0,34,39,42,36,26,15,0,15,23,33,36,37,36,1,6,26,42,23,33,32,34,33,24,13,99,98,97,96,1
28,50,39,34,37,14,0,34,39,42,37,26,14,0,17,22,32,36,37,36,0,6,26,42,23,32,32,34,33,23,13,99,98,97,96,1
27,50,38,33,37,14,0,34,39,42,37,26,15,0,18,23,32,36,37,36,0,6,26,42,23,32,32,34,32,23,13,99,98,97,96,1
29,50,39,35,38,15,0,34,39,42,37,26,16,0,18,24,33,37,37,36,0,6,25,42,23,32,32,34,32,23,12,99,98,97,95,1
29,50,39,35,38,15,0,34,39,42,37,26,16,0,18,23,33,36,37,36,0,6,25,42,23,32,32,33,32,23,13,99,98,97,95,1
40,53,38,27,46,44,0,15,32,55,64,51,38,23,25,43,69,69,49,40,24,0,0,0,0,0,0,0,0,0,0,0,0,0,0,2
39,53,38,27,45,44,0,15,32,55,63,51,38,23,26,43,69,69,49,40,24,0,0,0,0,0,0,0,0,0,0,0,0,0,0,2
40,53,38,27,45,44,0,15,32,55,63,50,38,23,26,44,69,68,48,40,24,0,0,0,0,0,0,0,0,0,0,0,0,0,0,2
40,53,38,28,46,45,0,15,33,55,63,51,38,23,26,44,70,69,49,40,24,0,0,0,0,0,0,0,0,0,0,0,0,0,0,2
40,53,38,28,46,45,0,16,33,55,61,48,38,23,26,43,69,67,48,40,24,0,0,0,0,0,0,0,0,0,0,0,0,0,0,2
39,53,38,28,46,45,0,16,32,55,60,50,39,23,26,44,68,68,49,40,25,0,0,0,0,0,0,0,0,0,0,0,0,0,0,2
39,53,38,27,45,43,0,16,31,55,63,50,39,23,26,43,67,68,49,41,26,0,0,0,0,0,0,0,0,0,0,0,0,0,0,2
39,53,39,27,44,43,0,16,32,56,65,53,39,23,26,43,66,68,49,41,26,0,0,0,0,0,0,0,0,0,0,0,0,0,0,2
40,54,39,27,44,44,0,17,33,56,65,53,39,23,26,43,67,69,49,41,26,0,0,0,0,0,0,0,0,0,0,0,0,0,0,2
40,54,39,28,44,44,0,16,33,56,65,53,39,23,25,43,67,69,49,41,26,0,0,0,0,0,0,0,0,0,0,0,0,0,0,2
40,54,39,27,44,44,0,17,33,56,66,53,39,23,26,43,67,69,49,41,26,0,0,0,0,0,0,0,0,0,0,0,0,0,0,2
40,54,39,28,45,44,0,17,34,56,66,54,39,23,26,43,68,69,50,41,26,0,0,0,0,0,0,0,0,0,0,0,0,0,0,2
40,55,39,28,45,44,0,16,33,56,66,54,40,23,26,43,68,69,50,41,26,0,0,0,0,0,0,0,0,0,0,0,0,0,0,2
40,55,39,28,45,44,0,17,34,56,66,53,39,23,26,44,68,69,49,41,26,0,0,0,0,0,0,0,0,0,0,0,0,0,0,2
40,54,39,29,46,44,0,17,34,56,66,54,39,23,26,44,68,69,49,41,26,0,0,0,0,0,0,0,0,0,0,0,0,0,0,2
40,55,40,28,46,44,0,17,34,56,66,54,39,24,26,43,70,70,50,41,25,0,0,0,0,0,0,0,0,0,0,0,0,0,0,2
40,56,40,28,46,45,0,15,32,55,63,52,39,23,26,44,70,69,50,41,24,0,0,0,0,0,0,0,0,0,0,0,0,0,0,2
41,61,40,27,50,46,0,12,27,53,56,42,36,22,24,43,61,59,47,40,23,0,0,0,0,0,0,0,0,0,0,0,0,0,0,2
40,68,44,30,54,48,0,6,21,47,46,35,35,22,24,34,56,54,47,38,21,0,0,0,0,0,0,0,0,0,0,0,0,0,0,2
41,78,51,30,56,50,0,4,18,45,43,32,33,20,23,30,47,48,44,35,18,0,0,0,0,0,0,0,0,0,0,0,0,0,0,2
46,45,34,31,37,38,0,16,18,40,40,50,62,64,60,51,39,32,23,13,0,0,0,0,0,0,0,0,0,0,0,97,95,0,0,3
46,45,33,30,37,38,0,16,18,40,40,50,62,64,60,51,39,32,23,13,0,0,0,0,0,0,0,0,0,0,0,97,95,0,0,3
46,46,34,30,37,37,0,16,18,40,40,50,63,63,60,51,39,32,23,13,0,0,0,0,0,0,0,0,0,0,0,97,95,0,0,3
46,46,34,30,37,37,0,16,18,40,40,50,63,64,60,51,39,32,23,13,0,0,0,0,0,0,0,0,0,0,0,97,95,0,0,3
46,46,34,30,37,38,0,16,18,40,40,50,63,64,60,51,38,32,23,13,0,0,0,0,0,0,0,0,0,0,0,97,95,0,0,3
46,46,34,30,37,37,0,16,18,39,40,50,62,63,60,51,39,32,23,13,0,0,0,0,0,0,0,0,0,0,0,97,95,0,0,3
46,46,34,30,37,37,0,16,18,40,40,50,63,64,60,51,39,32,23,13,0,0,0,0,0,0,0,0,0,0,0,97,95,0,0,3
46,46,34,31,37,38,0,16,18,40,40,50,63,64,60,51,39,32,23,13,0,0,0,0,0,0,0,0,0,0,0,97,95,0,0,3
46,46,34,30,37,38,0,16,18,40,40,50,63,64,61,51,39,32,23,12,0,0,0,0,0,0,0,0,0,0,0,97,95,0,0,3
46,45,34,31,37,37,0,16,18,40,40,50,62,64,60,51,38,32,23,13,0,0,0,0,0,0,0,0,0,0,0,97,95,0,0,3
46,46,34,30,37,37,0,16,18,41,40,50,63,64,60,51,39,32,23,13,0,0,0,0,0,0,0,0,0,0,0,98,95,0,0,3
46,46,33,31,37,37,0,16,18,40,40,50,63,64,60,51,39,32,22,13,0,0,0,0,0,0,0,0,0,0,0,98,95,0,0,3
46,46,34,30,37,38,0,16,18,40,40,50,63,64,60,51,38,32,22,12,0,0,0,0,0,0,0,0,0,0,0,98,96,0,0,3
46,46,34,30,37,37,0,16,19,40,40,50,62,64,60,51,39,32,22,13,0,0,0,0,0,0,0,0,0,0,0,98,96,0,0,3
46,46,34,30,37,38,0,17,19,40,40,50,63,64,60,51,39,33,23,13,0,0,0,0,0,0,0,0,0,0,0,98,96,0,0,3
46,46,34,31,37,37,0,16,19,40,40,50,63,64,60,51,39,32,23,13,0,0,0,0,0,0,0,0,0,0,0,98,95,0,0,3
46,46,34,30,37,38,0,16,19,40,40,50,62,64,60,51,39,32,23,13,0,0,0,0,0,0,0,0,0,0,0,97,95,0,0,3
46,46,34,30,37,37,0,16,18,40,40,50,62,64,60,51,39,32,23,13,0,0,0,0,0,0,0,0,0,0,0,97,95,0,0,3
46,46,34,30,37,38,0,17,19,40,40,51,63,64,60,51,39,33,23,13,0,0,0,0,0,0,0,0,0,0,0,97,95,0,0,3
46,46,34,31,37,38,0,16,19,40,40,51,63,64,61,52,39,32,23,13,0,0,0,0,0,0,0,0,0,0,0,97,95,0,0,3
39,88,80,0,0,0,0,41,52,60,53,33,0,0,30,38,56,55,47,35,0,0,0,16,13,6,25,9,12,0,0,99,97,0,0,4
39,88,80,0,0,0,0,41,52,59,53,33,0,0,30,37,56,56,47,36,0,0,0,16,12,6,25,9,13,0,0,99,97,0,0,4
38,88,80,0,0,0,0,41,52,60,53,33,0,0,29,36,56,55,46,33,0,0,0,16,13,7,26,10,13,0,0,99,97,0,0,4
39,88,80,0,0,0,0,41,52,60,53,34,0,0,27,32,54,54,44,30,0,0,0,15,13,7,28,10,14,0,0,99,97,0,0,4
40,88,80,0,0,0,0,43,52,60,54,33,0,0,27,31,54,54,43,29,0,0,0,16,13,7,29,10,14,0,0,99,97,0,0,4
40,88,80,0,0,0,0,43,52,61,55,34,0,0,28,30,54,54,43,29,0,0,0,15,14,7,30,11,15,0,0,99,97,0,0,4
41,88,80,0,0,0,0,44,53,61,55,35,0,0,29,31,54,54,43,29,0,0,0,15,14,7,30,10,14,0,0,99,97,0,0,4
41,88,80,0,0,0,0,44,53,61,55,35,0,0,29,31,55,54,43,29,0,0,0,15,14,7,30,10,15,0,0,99,97,0,0,4
41,88,80,0,0,0,0,44,54,61,55,35,0,0,30,31,55,55,44,29,0,0,0,16,14,7,30,10,15,0,0,99,97,0,0,4
41,88,80,0,0,0,0,45,54,61,56,35,0,0,29,31,55,55,44,29,0,0,0,16,14,7,30,10,15,0,0,99,97,0,0,4
41,88,81,0,0,0,0,45,54,61,56,35,0,0,30,31,55,55,44,29,0,0,0,15,14,7,30,10,15,0,0,99,97,0,0,4
41,88,80,0,0,0,0,45,54,61,55,35,0,0,30,32,55,55,44,30,0,0,0,16,14,7,30,10,15,0,0,99,97,0,0,4
42,88,80,0,0,0,0,45,54,61,55,35,0,0,30,32,55,55,44,30,0,0,0,15,13,6,30,10,15,0,0,99,97,0,0,4
41,87,80,0,0,0,0,46,54,61,55,35,0,0,30,32,55,55,45,30,0,0,0,15,13,6,31,11,16,0,0,99,97,0,0,4
39,86,78,0,0,0,0,46,55,61,55,34,2,0,30,33,55,55,45,30,0,0,0,15,13,5,31,11,16,0,0,99,97,0,0,4
37,83,76,0,0,0,0,45,55,61,54,34,2,0,30,33,55,55,44,29,0,0,0,16,13,4,32,11,16,0,0,99,98,0,0,4
36,82,76,0,0,0,0,46,56,61,55,34,2,0,31,34,55,54,43,28,0,0,0,16,13,4,32,11,16,0,0,99,97,0,0,4
37,84,76,0,0,0,0,47,56,62,55,35,0,0,31,34,55,52,40,24,0,0,0,16,13,4,32,11,16,0,0,99,97,0,0,4
38,85,77,0,0,0,0,47,57,62,55,35,0,0,31,34,55,50,38,21,0,0,0,16,14,4,32,11,16,0,0,99,97,0,0,4
38,85,76,0,0,0,0,48,57,62,55,35,0,0,31,35,55,50,38,21,0,0,0,16,13,4,32,11,16,0,0,99,97,0,0,4
0,0,0,76,57,0,0,33,57,63,57,37,36,9,40,48,56,57,56,49,0,0,0,0,0,0,6,0,0,0,0,0,0,0,0,5
0,0,0,76,57,0,0,34,58,64,59,39,36,10,41,48,57,58,56,50,0,0,0,0,0,0,7,0,0,0,0,0,0,0,0,5
0,0,0,76,57,0,0,35,59,66,60,41,36,10,41,47,56,58,56,50,0,0,0,0,0,0,8,0,0,0,0,0,0,0,0,5
0,0,0,77,57,0,0,36,60,66,61,42,37,10,42,47,55,57,56,48,0,0,0,0,0,0,6,0,0,0,0,0,0,0,0,5
0,0,0,76,58,0,0,33,58,64,59,40,37,10,42,49,57,58,56,50,0,0,0,0,0,0,6,0,0,0,0,0,0,0,0,5
0,0,0,77,59,0,0,26,55,63,57,39,36,10,42,50,57,59,57,50,0,0,0,0,0,0,5,0,0,0,0,0,0,0,0,5
0,0,0,78,59,0,0,25,56,63,58,40,37,10,42,50,57,59,57,50,0,0,0,0,0,0,5,0,0,0,0,0,0,0,0,5
0,0,0,77,59,0,0,31,58,64,59,41,37,10,43,47,55,58,56,49,0,0,0,0,0,0,5,0,0,0,0,0,0,0,0,5
0,0,0,77,58,0,0,31,58,65,59,42,37,10,42,47,55,58,56,49,0,0,0,0,0,0,5,0,0,0,0,0,0,0,0,5
0,0,0,77,58,0,0,31,58,65,60,43,38,10,43,48,55,58,56,49,0,0,0,0,0,0,6,0,0,0,0,0,0,0,0,5
0,0,0,77,58,0,0,31,58,66,61,43,37,10,43,48,56,58,57,50,0,0,0,0,0,0,6,0,0,0,0,0,0,0,0,5
0,0,0,77,58,0,0,29,58,65,60,42,37,10,43,49,56,59,57,50,0,0,0,0,0,0,7,0,0,0,0,0,0,0,0,5
0,0,0,77,58,0,0,26,57,65,60,42,37,10,43,49,57,59,58,50,0,0,0,0,0,0,7,0,0,0,0,0,0,0,0,5
0,0,0,76,58,0,0,24,57,65,60,43,37,10,43,50,58,60,58,50,0,0,0,0,0,0,8,0,0,0,0,0,0,0,0,5
0,0,0,77,58,0,0,26,57,66,60,43,38,10,43,50,58,60,58,50,0,0,0,0,0,0,8,0,0,0,0,0,0,0,0,5
0,0,0,77,58,0,0,29,58,65,60,43,37,10,43,50,57,59,58,50,0,0,0,0,0,0,7,0,0,0,0,0,0,0,0,5
0,0,0,76,58,0,0,29,58,65,60,43,38,10,43,49,56,59,57,50,0,0,0,0,0,0,7,0,0,0,0,0,0,0,0,5
0,0,0,77,58,0,0,30,58,65,61,43,38,10,43,49,56,59,57,50,0,0,0,0,0,0,7,0,0,0,0,0,0,0,0,5
0,0,0,77,58,0,0,31,58,66,61,43,38,10,43,49,56,59,57,50,0,0,0,0,0,0,7,0,0,0,0,0,0,0,0,5
0,0,0,77,58,0,0,33,59,66,61,43,38,10,43,49,56,59,57,49,0,0,0,0,0,0,7,0,0,0,0,0,0,0,0,5
46,88,56,42,71,61,0,0,0,0,0,19,20,6,0,16,6,27,10,0,0,0,0,0,0,0,0,0,0,0,0,0,0,0,0,6
46,88,55,40,70,61,0,0,0,0,0,19,21,6,0,16,6,26,10,0,0,0,0,0,0,0,0,0,0,0,0,0,0,0,0,6
47,88,54,41,70,60,0,0,0,0,0,19,20,6,0,16,6,26,10,0,0,0,0,0,0,0,0,0,0,0,0,0,0,0,0,6
48,89,54,41,70,61,0,0,0,0,0,20,20,6,0,16,6,26,9,0,0,0,0,0,0,0,0,0,0,0,0,0,0,0,0,6
48,88,54,41,70,61,0,0,0,0,0,19,20,6,0,16,2,25,9,0,0,0,0,0,0,0,0,0,0,0,0,0,0,0,0,6
47,88,54,40,70,61,0,0,0,0,0,19,21,6,0,16,0,24,7,0,0,0,0,0,0,0,0,0,0,0,0,0,0,0,0,6
48,89,54,41,70,60,0,0,0,0,0,20,22,6,0,16,0,24,7,0,0,0,0,0,0,0,0,0,0,0,0,0,0,0,0,6
49,89,55,41,69,60,0,0,0,0,0,20,22,6,0,16,0,24,8,0,0,0,0,0,0,0,0,0,0,0,0,0,0,0,0,6
50,89,55,40,69,60,0,1,0,0,0,20,21,6,0,16,0,23,7,0,0,0,0,0,0,0,0,0,0,0,0,0,0,0,0,6
50,89,55,40,69,60,0,0,0,0,0,20,22,6,0,16,0,24,6,0,0,0,0,0,0,0,0,0,0,0,0,0,0,0,0,6
50,89,55,41,69,60,0,0,0,0,0,20,22,6,0,17,0,24,6,0,0,0,0,0,0,0,0,0,0,0,0,0,0,0,0,6
50,89,56,41,69,60,0,0,0,0,0,20,23,7,0,16,0,24,7,0,0,0,0,0,0,0,0,0,0,0,0,0,0,0,0,6
50,89,56,41,69,60,0,0,0,0,0,20,22,6,0,16,0,24,6,0,0,0,0,0,0,0,0,0,0,0,0,0,0,0,0,6
51,89,55,42,69,60,0,0,0,0,0,20,23,7,0,16,0,24,7,0,0,0,0,0,0,0,0,0,0,0,0,0,0,0,0,6
51,89,55,42,69,60,0,0,0,0,0,20,22,7,0,17,0,25,7,0,0,0,0,0,0,0,0,0,0,0,0,0,0,0,0,6
51,89,56,42,69,60,0,0,0,0,0,20,23,7,0,16,0,24,6,0,0,0,0,0,0,0,0,0,0,0,0,0,0,0,0,6
51,89,56,41,69,59,0,0,0,0,0,20,23,7,0,16,0,24,6,0,0,0,0,0,0,0,0,0,0,0,0,0,0,0,0,6
51,89,55,41,69,59,0,0,0,0,0,20,23,7,0,16,0,24,6,0,0,0,0,0,0,0,0,0,0,0,0,0,0,0,0,6
51,89,56,41,68,59,0,0,0,0,0,21,23,7,0,16,0,24,5,0,0,0,0,0,0,0,0,0,0,0,0,0,0,0,0,6
51,89,56,41,68,59,0,0,0,0,0,21,23,7,0,17,0,24,5,0,0,0,0,0,0,0,0,0,0,0,0,0,0,0,0,6
39,32,0,36,41,35,35,47,46,49,37,9,0,13,30,32,41,45,43,30,0,26,43,66,48,45,47,52,37,24,0,99,96,96,95,1
39,32,0,36,42,35,36,47,46,49,38,10,0,13,30,31,41,45,43,30,0,26,43,66,48,45,47,52,37,24,0,99,96,96,96,1
39,32,0,36,41,35,36,47,45,50,38,10,0,13,30,31,41,44,43,30,0,26,43,66,48,45,47,51,37,24,0,99,96,96,96,1
39,32,0,36,42,35,36,47,46,50,38,10,0,13,30,32,41,44,43,30,0,26,43,66,48,45,48,52,38,25,0,99,96,96,96,1
39,32,0,36,41,34,36,47,46,50,38,10,0,13,30,32,41,44,43,30,0,26,43,66,48,45,48,52,37,26,0,99,96,96,96,1
39,32,0,37,42,35,35,47,46,49,38,10,0,12,29,32,41,45,44,30,0,26,43,65,47,45,49,52,38,25,0,99,96,96,95,1
39,31,0,37,42,35,36,47,46,50,37,10,0,13,30,32,41,45,44,30,0,27,43,66,48,45,48,52,37,24,0,99,96,96,96,1
39,32,0,36,41,35,36,47,46,49,38,10,0,12,30,32,42,45,44,30,0,26,43,66,48,45,49,52,37,24,0,99,96,96,96,1
39,32,0,37,42,35,35,47,46,49,38,10,0,13,30,32,41,45,44,30,0,26,43,66,48,45,49,52,38,24,0,99,96,96,96,1
39,31,0,36,41,35,35,47,46,49,38,10,0,13,30,32,41,45,44,30,0,26,43,66,48,45,49,52,37,24,0,99,96,96,95,1
39,32,0,36,42,35,35,47,46,49,38,10,0,13,30,32,41,45,44,31,0,26,43,66,48,45,49,52,37,24,0,99,96,96,96,1
39,32,0,37,41,35,35,47,46,50,38,10,0,13,30,33,42,45,44,31,0,26,43,66,48,45,49,52,37,25,0,99,96,96,96,1
39,32,0,37,42,35,36,47,46,50,38,10,0,13,30,33,42,45,44,31,0,26,43,66,48,45,48,52,37,24,0,99,96,97,95,1
39,32,0,36,42,35,35,47,46,49,38,10,0,13,30,32,41,45,44,31,0,26,43,66,48,45,49,52,37,24,0,99,96,96,95,1
38,32,0,36,41,35,35,47,46,50,38,10,0,13,30,32,42,45,44,30,0,26,43,66,48,45,49,52,38,24,0,99,96,97,96,1
39,32,0,36,42,35,35,47,46,50,38,10,0,12,30,33,42,45,44,30,0,26,43,66,48,45,49,52,37,24,0,99,96,96,95,1
39,31,0,36,42,35,35,47,45,49,38,10,0,12,30,32,41,45,44,31,0,26,43,66,48,45,49,52,37,24,0,99,96,96,96,1
39,32,0,36,42,35,35,47,46,49,38,10,0,13,30,32,41,45,44,31,0,26,43,66,48,46,49,52,37,25,0,99,96,97,96,1
39,32,0,36,42,35,35,47,46,50,38,10,0,13,30,32,42,45,44,30,0,26,43,66,49,46,49,52,37,24,0,99,96,96,96,1
39,32,0,36,42,35,35,47,46,50,38,10,0,13,30,32,42,44,44,31,0,27,43,66,48,45,49,52,37,24,0,99,96,97,96,1
73,110,96,64,82,63,0,3,6,35,28,45,37,10,34,35,33,33,24,13,0,0,0,0,0,0,0,0,0,0,0,0,0,0,0,2
73,109,96,64,82,63,0,3,7,36,29,45,38,12,35,36,34,34,24,14,0,0,0,0,0,0,0,0,0,0,0,0,0,0,0,2
73,109,95,65,83,63,0,3,7,36,29,46,38,12,36,37,35,34,24,14,0,0,0,0,0,0,0,0,0,0,0,0,0,0,0,2
73,109,94,66,83,63,0,3,6,36,28,46,38,12,36,37,35,34,24,14,0,0,0,0,0,0,0,0,0,0,0,0,0,0,0,2
73,109,94,66,83,63,0,3,6,36,28,45,38,12,36,37,35,34,24,14,0,0,0,0,0,0,0,0,0,0,0,0,0,0,0,2
73,109,95,66,83,63,0,3,7,36,28,45,38,12,36,37,35,34,24,14,0,0,0,0,0,0,0,0,0,0,0,0,0,0,0,2
73,109,96,66,83,63,0,3,7,36,28,45,38,12,36,37,35,34,24,14,0,0,0,0,0,0,0,0,0,0,0,0,0,0,0,2
73,110,96,66,83,63,0,3,7,36,29,45,38,12,36,37,35,35,24,13,0,0,0,0,0,0,0,0,0,0,0,0,0,0,0,2
73,109,95,66,83,63,0,3,8,37,29,45,38,12,36,38,35,35,24,14,0,0,0,0,0,0,0,0,0,0,0,0,0,0,0,2
73,108,95,66,83,63,0,3,8,36,29,46,39,13,37,38,35,35,25,14,0,0,0,0,0,0,0,0,0,0,0,0,0,0,0,2
73,109,95,66,83,63,0,3,8,37,29,46,39,13,37,38,36,35,25,14,0,0,0,0,0,0,0,0,0,0,0,0,0,0,0,2
73,109,96,66,83,63,0,3,7,36,29,46,38,12,36,37,36,35,25,14,0,0,0,0,0,0,0,0,0,0,0,0,0,0,0,2
73,109,95,66,83,63,0,2,6,36,28,45,38,12,36,37,35,35,25,14,0,0,0,0,0,0,0,0,0,0,0,0,0,0,0,2
73,109,96,67,84,63,0,3,7,36,28,46,38,12,36,38,35,35,25,14,0,0,0,0,0,0,0,0,0,0,0,0,0,0,0,2
73,109,96,67,84,64,0,3,8,36,29,46,39,12,36,38,36,35,25,14,0,0,0,0,0,0,0,0,0,0,0,0,0,0,0,2
73,110,96,67,84,63,0,3,6,36,29,46,39,12,37,38,36,35,25,14,0,0,0,0,0,0,0,0,0,0,0,0,0,0,0,2
73,109,96,67,83,63,0,3,6,36,28,45,38,12,36,38,36,34,25,14,0,0,0,0,0,0,0,0,0,0,0,0,0,0,0,2
73,109,96,67,83,64,0,3,7,36,28,45,38,12,36,38,36,35,25,15,0,0,0,0,0,0,0,0,0,0,0,0,0,0,0,2
73,109,96,67,84,65,0,3,6,36,27,45,38,12,36,38,36,35,25,14,0,0,0,0,0,0,0,0,0,0,0,0,0,0,0,2
73,109,96,68,84,65,0,3,6,36,28,45,38,12,36,38,36,35,25,15,0,0,0,0,0,0,0,0,0,0,0,0,0,0,0,2
22,65,64,53,86,66,0,0,11,23,27,15,58,50,14,56,22,44,45,34,10,0,0,0,0,0,0,0,0,0,0,99,94,0,0,3
33,70,71,54,81,69,0,2,15,26,29,19,58,43,0,47,19,45,45,36,7,0,0,0,0,0,0,0,0,0,0,99,95,0,0,3
38,71,71,48,77,64,0,4,16,26,29,18,60,45,0,45,16,41,39,26,6,0,0,0,0,0,0,0,0,0,0,99,95,0,0,3
36,70,74,46,76,58,0,0,8,22,25,13,53,36,0,33,12,33,30,21,6,0,0,0,0,0,0,0,0,0,0,99,95,0,0,3
37,72,84,46,76,56,0,0,8,22,27,12,53,37,0,31,11,27,27,19,5,0,0,0,0,0,0,0,0,0,0,99,95,0,0,3
41,74,86,58,77,53,0,0,8,23,23,11,47,33,0,26,10,23,26,16,4,0,0,0,0,0,0,0,0,0,0,99,95,0,0,3
40,74,90,64,79,54,0,0,6,20,19,10,44,30,0,25,9,23,26,16,4,0,0,0,0,0,0,0,0,0,0,99,96,0,0,3
40,75,92,62,80,54,0,0,5,20,19,10,43,30,0,23,8,23,27,16,3,0,0,0,0,0,0,0,0,0,0,99,96,0,0,3
38,73,90,65,83,56,0,0,5,19,18,10,41,29,0,24,8,24,29,16,3,0,0,0,0,0,0,0,0,0,0,99,96,0,0,3
36,72,89,70,86,56,0,0,5,17,15,9,38,27,0,24,9,25,30,16,3,0,0,0,0,0,0,0,0,0,0,99,96,0,0,3
35,70,87,70,88,58,0,0,5,17,16,9,39,28,0,26,9,28,32,17,4,0,0,0,0,0,0,0,0,0,0,99,97,0,0,3
36,72,87,69,86,58,0,0,5,18,17,10,42,31,0,27,9,27,32,17,4,0,0,0,0,0,0,0,0,0,0,99,97,0,0,3
36,72,89,69,86,57,0,0,5,18,18,10,43,31,0,26,9,25,31,17,3,0,0,0,0,0,0,0,0,0,0,99,97,0,0,3
37,73,90,68,85,56,0,0,5,18,18,10,43,32,0,27,9,26,32,18,2,0,0,0,0,0,0,0,0,0,0,99,97,0,0,3
38,72,89,68,87,58,0,0,5,18,17,10,42,32,0,27,10,28,34,18,5,0,0,0,0,0,0,0,0,0,0,99,97,0,0,3
35,71,86,70,88,60,0,0,5,19,16,10,41,30,0,26,9,27,34,19,4,0,0,0,0,0,0,0,0,0,0,99,97,0,0,3
35,71,88,71,87,59,0,0,5,19,18,9,41,30,0,28,9,28,34,19,5,0,0,0,0,0,0,0,0,0,0,99,97,0,0,3
36,72,87,69,86,57,0,0,6,19,20,10,44,33,0,28,9,28,34,19,5,0,0,0,0,0,0,0,0,0,0,99,97,0,0,3
37,73,88,66,84,56,0,0,6,20,20,10,44,33,0,27,9,26,34,18,3,0,0,0,0,0,0,0,0,0,0,99,97,0,0,3
38,73,90,65,84,56,0,0,6,20,20,10,44,32,0,27,8,26,33,18,3,0,0,0,0,0,0,0,0,0,0,99,97,0,0,3
50,81,62,0,0,0,0,34,61,64,63,66,83,62,20,35,49,55,50,36,0,0,17,33,16,12,36,10,16,10,0,99,88,97,26,4
50,81,62,0,0,0,0,33,61,65,63,66,83,63,20,35,49,55,50,36,0,0,16,32,15,13,36,11,16,10,0,99,88,97,28,4
49,81,62,0,0,0,0,33,60,64,63,66,83,62,20,35,49,55,51,36,0,0,16,33,16,13,36,11,16,10,0,99,89,97,33,4
49,81,61,0,0,0,0,33,60,64,63,66,83,62,20,35,49,55,51,36,0,0,15,32,16,13,36,12,16,10,0,99,90,97,37,4
49,81,61,0,0,0,0,31,60,65,63,66,83,62,20,35,49,55,51,36,0,0,15,32,16,13,36,12,16,10,0,99,90,97,40,4
49,81,61,0,0,0,0,32,60,65,63,66,83,63,20,36,50,56,52,36,0,0,15,31,16,12,36,13,17,10,0,99,90,97,44,4
48,81,61,0,0,0,0,30,60,64,63,66,83,62,20,36,49,56,52,36,0,0,14,31,15,12,36,13,17,10,0,99,91,97,43,4
48,81,61,0,0,0,0,31,60,64,63,66,83,62,20,36,49,55,51,36,0,0,14,32,16,13,36,12,16,10,0,99,91,97,43,4
48,81,61,0,0,0,0,32,60,65,63,66,84,63,20,35,49,55,51,37,0,0,15,32,16,12,36,11,16,10,0,99,90,97,45,4
49,81,61,0,0,0,0,32,60,64,63,66,83,62,20,36,49,55,52,36,0,0,15,32,16,12,36,13,17,10,0,99,90,97,47,4
49,81,61,0,0,0,0,31,60,64,63,66,83,62,20,36,49,56,52,37,0,0,14,32,16,12,36,14,17,10,0,99,91,97,53,4
48,80,61,0,0,0,0,31,60,64,63,66,83,62,20,35,49,56,53,37,0,0,14,32,16,12,36,13,17,10,0,99,92,97,55,4
49,81,61,0,0,0,0,32,60,65,63,66,83,62,20,36,50,56,53,37,0,0,14,31,16,12,36,15,18,10,0,99,92,97,61,4
48,81,61,0,0,0,0,30,60,64,63,66,83,62,20,36,50,56,53,36,0,0,15,31,16,12,36,13,17,9,0,99,92,97,66,4
48,81,61,0,0,0,0,35,60,64,63,66,84,63,19,32,47,52,45,34,0,0,16,31,16,13,37,0,6,6,0,99,92,97,75,4
49,82,63,0,0,0,0,39,62,67,66,69,86,65,19,28,43,48,42,30,0,0,19,33,17,14,33,0,3,6,0,99,89,97,0,4
56,88,65,0,0,0,0,42,62,66,65,65,78,61,20,24,42,47,37,28,0,0,23,36,20,15,32,0,3,4,0,99,90,97,0,4
57,89,67,0,0,0,0,30,59,66,63,60,71,61,23,22,40,43,33,23,0,0,24,39,23,20,35,9,7,4,0,99,92,97,0,4
52,86,67,0,0,0,0,31,60,66,64,63,76,65,23,25,38,43,34,23,0,0,24,41,26,22,41,11,7,4,0,99,92,97,0,4
54,85,66,0,0,0,0,36,60,66,65,66,81,64,21,23,39,43,31,23,0,0,24,40,23,21,42,4,8,5,0,99,94,97,0,4
0,0,0,51,56,50,0,0,45,60,62,77,90,63,10,44,54,63,61,56,43,0,0,4,8,14,18,23,37,29,7,99,97,98,93,5
0,0,0,51,56,50,0,0,46,60,62,76,90,63,10,44,54,63,61,56,43,0,0,4,8,15,18,23,37,29,7,99,97,98,93,5
0,0,0,50,56,50,0,0,46,60,62,77,90,63,10,44,54,63,61,56,43,0,0,4,8,15,18,22,37,29,7,99,96,98,93,5
0,0,0,51,56,50,0,0,46,61,62,77,90,63,10,44,54,63,61,56,43,0,0,4,9,15,18,21,36,29,7,99,96,98,93,5
0,0,0,50,55,49,0,0,46,61,62,77,90,63,10,44,53,62,61,56,43,0,0,4,8,14,17,20,36,28,7,99,96,98,93,5
0,0,0,49,54,49,0,0,43,61,62,76,90,63,10,43,53,62,61,56,43,0,0,3,8,14,17,20,35,28,7,99,96,98,94,5
0,0,0,50,55,50,0,0,43,61,62,76,90,64,10,43,53,63,62,56,44,0,0,4,8,14,18,20,36,29,7,99,96,98,94,5
0,0,0,50,56,51,0,0,41,59,62,76,88,62,10,44,54,64,63,58,46,0,0,4,8,14,17,21,37,29,7,99,96,98,94,5
0,0,0,50,56,52,0,0,40,58,61,76,86,60,10,45,54,64,63,59,47,0,0,3,8,13,18,22,37,29,7,99,96,98,94,5
0,0,0,50,57,51,0,0,41,58,62,76,87,61,10,45,54,64,63,58,46,0,0,4,8,14,18,22,37,30,7,99,96,98,94,5
0,0,0,50,56,50,0,0,41,59,62,77,89,62,10,45,55,64,64,58,46,0,0,4,8,14,19,23,38,29,7,99,96,98,94,5
0,0,0,49,56,50,0,0,42,60,62,77,89,63,10,45,55,64,63,57,45,0,0,3,9,14,18,23,38,29,7,99,96,98,94,5
0,0,0,49,56,50,0,0,42,60,63,77,89,63,10,45,55,64,63,57,45,0,0,4,9,14,19,23,38,29,8,99,96,98,94,5
0,0,0,49,56,50,0,0,42,60,62,77,89,63,10,45,55,64,63,57,46,0,0,4,9,14,19,23,38,29,8,99,96,98,94,5
0,0,0,49,56,50,0,0,42,60,63,77,90,63,10,45,55,64,63,58,46,0,0,4,9,15,19,23,38,29,8,99,96,98,94,5
0,0,0,49,56,50,0,0,42,60,62,77,90,63,10,45,54,64,63,58,46,0,0,4,9,14,19,23,38,29,8,99,96,98,94,5
0,0,0,49,56,50,0,0,43,60,63,77,90,63,10,45,54,64,63,58,45,0,0,4,9,15,18,23,38,29,8,99,96,98,94,5
0,0,0,49,56,50,0,0,43,60,63,77,90,63,10,45,55,64,63,58,46,0,0,4,9,15,18,24,38,30,9,99,96,98,94,5
0,0,0,50,56,50,0,0,43,60,63,77,90,63,10,45,55,64,63,58,46,0,0,4,9,15,19,23,38,29,8,99,96,98,94,5
0,0,0,49,56,50,0,0,43,60,62,77,90,63,10,45,55,64,63,57,45,0,0,4,9,15,19,23,38,29,8,99,96,98,94,5
57,51,13,13,68,52,32,55,59,56,50,36,9,17,0,27,46,51,57,49,27,23,33,46,33,33,30,35,38,33,22,0,0,97,96,6
57,52,14,14,68,51,31,55,59,56,50,36,9,17,0,27,46,52,57,49,28,23,33,46,32,32,30,35,38,33,22,0,0,97,96,6
56,50,13,13,68,52,31,55,59,56,50,35,8,16,0,28,46,51,57,49,27,23,33,46,32,32,30,35,38,33,22,0,0,97,96,6
57,50,13,13,69,52,31,55,59,56,50,35,8,18,0,28,46,52,57,49,27,23,33,46,32,32,30,34,38,33,22,0,0,97,96,6
56,49,11,14,70,52,31,54,59,56,50,34,7,16,0,29,46,52,57,47,25,23,33,46,32,32,30,34,39,33,22,0,0,97,96,6
53,40,9,14,72,52,28,52,57,55,48,30,9,17,0,30,47,52,56,44,23,23,33,46,32,33,30,36,39,33,22,0,0,97,96,6
51,36,8,14,75,51,29,50,56,54,48,29,9,18,1,31,47,52,56,39,19,23,33,45,31,31,30,35,39,33,21,0,0,97,96,6
51,37,9,15,78,51,30,50,57,54,47,28,10,18,2,31,47,52,55,35,16,23,32,44,30,30,30,34,39,33,22,0,0,97,96,6
51,36,9,15,80,51,29,50,56,54,47,28,10,18,1,30,48,52,55,37,16,21,31,44,29,31,30,35,39,33,21,0,0,97,96,6
50,34,8,15,71,48,27,49,55,53,46,29,6,14,0,28,46,50,52,33,14,21,31,44,28,27,30,34,36,33,20,0,0,97,96,6
50,41,5,13,33,40,25,50,55,54,46,29,3,11,1,18,41,46,50,34,16,22,31,43,26,26,29,37,37,33,20,0,0,97,96,6
53,85,5,12,22,36,21,45,52,52,46,30,2,10,2,18,39,46,50,35,19,20,30,43,25,26,31,39,40,34,22,0,0,97,97,6
52,60,6,12,29,38,19,43,51,53,47,30,2,9,0,18,40,47,50,36,20,20,31,44,27,28,30,34,39,33,23,0,0,97,96,6
42,27,5,18,71,46,20,41,47,50,45,24,9,12,0,18,41,45,49,34,16,20,29,44,27,32,30,36,40,35,23,0,0,97,97,6
46,33,6,13,63,46,22,37,45,49,44,25,8,15,0,21,43,47,50,38,20,19,28,43,27,31,31,36,40,35,24,0,0,97,96,6
51,37,6,11,47,42,22,36,43,46,43,26,6,15,0,20,43,47,50,40,23,20,29,43,29,31,32,39,41,35,24,0,0,97,96,6
53,40,6,10,33,39,21,36,43,46,43,25,6,16,0,20,42,47,50,40,23,20,29,43,29,32,32,39,41,35,25,0,0,97,96,6
54,41,6,10,31,39,22,36,43,46,43,25,6,16,0,20,42,47,50,41,25,20,30,43,30,32,33,40,41,35,24,0,0,97,96,6
54,42,6,10,31,38,23,36,43,46,43,25,6,17,0,20,41,47,50,41,25,21,30,44,30,33,33,40,41,35,24,0,0,97,96,6
55,42,6,10,31,38,23,36,43,46,43,25,6,17,0,20,41,47,50,42,26,21,30,44,30,33,33,40,41,35,25,0,0,97,96,6
